"id","sku","origem","estoque","qtd","nome"
"82766","14996P","Asia","instock","10","Garrafa Inox 780Ml"
"82706","BMB01P","Asia","instock","1853","Bomba de Ar a Vacuo para Mochila Bmb01"
"52287","BT214","Asia","instock","11950.000000","Bolsa Térmica — confeccionada em linho e lona (canvas), com revestimento"
"82705","C","Asia","instock","182365","Bloco de Anot. Anti-Bacteriano Bl028"
"52389","CAD004","Asia","instock","11341.000000","Caderno A5 Capa em Pu (21X14,5)"
"52435","CAD462","Asia","instock","2892.000000","Caderno Capa em Papelão Reciclado com Caneta"
"82768","CJ125","Asia","instock","3702","Kit Escritório"
"82740","CJ300BP","Asia","instock","1185","Cópia de Cjto. Caderno, Garrafa, e Caneta Metal Cj300 em 24/04/2026 Às 14:50:46"
"82788","CJ315P","Asia","instock","29","Kit Escritório Caderno, Garrafa e Caneta Metalica"
"53147","CJ40025P","Asia","instock","1138.000000","Kit Escritório — , contendo: 1 Caneta plástica retrátil; 1 Lapiseira"
"82724","CM0110P","Asia","instock","5019","Caneta Metal Cjto. Caneta e Chaveiro Preta Cm0110"
"52578","CM0119P","Asia","instock","4411","Caneta Metálica — Caneta corpo de bambu com detalhes em"
"82718","CM155","Asia","instock","6788","Caneta de Metal Det. Rpet Azul Cm155"
"82717","CM180","Asia","instock","4394","Caneta de Metal Det. Couro Reciclado Grafite Cm180"
"82721","CM190","Asia","instock","5489","Caneta de Plastico Det. Pedra Cinza Cm190"
"82736","CM300P","Asia","instock","1333","Cjto. Caderno, Garrafa, e Caneta Metal Cm300"
"52580","CM3880","Asia","instock","5370.000000","Caneta Metálica — Caneta esferográfica em alumínio reciclavel com escrita em — Caneta esferográfica em alumínio reciclavel com escrita em azul. Refil tipo"
"82723","CM445","Asia","instock","2","Caneta Metal Cafe Cm445"
"82725","CM450","Asia","instock","2742","Caneta Metal Det. Dourado Azul Cm450"
"82732","CM455P","Asia","instock","780","Caneta P/ Cjto. Preto Cad455"
"82722","CP048P","Asia","instock","5586","Caneta Ecológica Papelao Cp048"
"82733","CP4500P","Asia","instock","5046","Caneta Plastica Anti-Bacteriana Cp4500"
"82734","CP4600P","Asia","instock","5591","Caneta Plastica Anti-Bacteriana Cp4600"
"82735","CPR300P","Asia","instock","2369","Caneta Plastica Reciclado Cpr300"
"82741","EM0114CMP","Asia","instock","5940","Estojo para Caneta Cm0118"
"82742","EM1640CMP","Asia","instock","260","Estojo para Caneta Cm1640 Cores (Caneta Ja Acompanha o Estojo)"
"82767","GA300P","Asia","instock","1380","Garrafa Termica Preta Ga300"
"52996","GA5900P","Asia","instock","759.000000","Garrafa Plástica — com capacidade de 1.500ml. Alça de mão plástica, tampa"
"82794","MC230P","Asia","instock","28","Mochila P/ Notebook Mc230"
"53269","MC565P","Asia","instock","656.000000","Mochila Pasta Premium para Notebook"
"53292","MC760P","Asia","instock","942.000000","Mochila Premium para Notebook — produzida em poliéster com detalhes em PU, com"
"82801","PL03P","Asia","instock","8274","Placa Metal P/ Mala 6X2Cm"
"82802","PL680P","Asia","instock","5506","Placa Metal P/ Mala Pl680"
"82800","PPAMCP-1","Asia","instock","2","Papel de Parede Adesivo Madeira Clara Impermeavel 5 Metros (Cópia)"
"82805","TPGA4600CPP","Asia","instock","1990","Tampa Garrafa Aço Inox Ga4600"
"80080",,"Outro",,,"Kit Vinho Xadrez 4 Pçs"
"82403","94111","Outro","instock","1242","KOERPER. Kit churrasco em caixa bambu com 4 utensílios em aço inox e bambu"
"77288","28048","Spot","instock","1422","CROSS. Punho elástico"
"59473","34702-106","Spot","instock","5024","Suporte para garrafas"
"59535","52318-103","Spot","instock","574","DALLAS PLATE. Mochila de viagem para notebook (17'3"") em poliéster reciclado 600D de alta densidade, com compartimento para arrumação (29 L)"
"59580","53626-160","Spot","outofstock","0","ALCOTT A5 II. Caderno A5 de capa flexível em cartão (250 g/m²) com páginas lisas — Caderno A5 de capa flexível em cartão (250 g/m²) e cantos — Caderno A5 de capa flexível em cartão (250 g/m²) e cantos redondos. Contém 80 páginas (Ref. 53626-160)"
"77427","57936","Spot","instock","59","PIYON. Caixa de som portátil com autonomia de 4h30 (500 mAh), em fibra de palha de trigo e ABS"
"60082","92370-150","Spot","instock","12934","BEJA. Sacola em 100% algodão reciclado (180 g/m²) — Sacola em 100% algodão reciclado (180 g/m²) com alças de 65 — Sacola em 100% algodão reciclado (180 g/m²) com alças de 65 cm. 380 x 420 (Ref. 92370-150)"
"77794","92372","Spot","instock","3425","CAMPINAS. Sacola 100% algodão reciclado (220 g/m²)"
"77828","92516","Spot","instock","1266","ZIPPERS SPORT. Bolsa esportiva executivo em 840D jacquard e 300D com interior forrado (30 L)"
"60275","92854-106","Spot","instock","2522","MACY. Sacola em non-woven (80 g/m²) — Sacola em non-woven (80 g/m²) termo-selado com alças de 55 — Sacola em non-woven (80 g/m²) termo-selado com alças de 55 cm. 270 x 350 (Ref. 92854-106)"
"77928","92882","Spot","instock","16976","MERCAT. Sacola 100% algodão (160 g/m²) com detalhes em imitação de juta"
"60301","92918-103","Spot","instock","29023","KITAN. Bolsa em non-woven (80 g/m²)"
"60441","93489","Spot","instock","226","ALMODOVAR. Caderno A5 de capa dura em cortiça, com páginas lisas — Caderno A5 de capa dura em cortiça, com 160 páginas lisas — Caderno A5 de capa dura em cortiça, com 160 páginas lisas em cor marfim. A cor e o (Ref. 93489)"
"78132","93670","Spot","instock","9672","ANNE SUB A6. Caderno A6 com capa rígida, ideal para personalização em sublimação"
"60687","94194-110","Spot","instock","458","COLOMBIA. Sacola refrigeradora em PVC para 1 garrafa"
"60806","94339-160","Spot","instock","232","MUGWORT. Conjunto de tábuas em bambu com 3 facas inclusas"
"60823","94366-160","Spot","instock","2684","RYKER. Canivete multifunções com 7 funções, em bambu e aço inox"
"60903","94648-103","Spot","instock","4649","ROZIER. Squeeze em Tritan™ 790 mL"
"61016","95098-133","Spot","instock","5389","RAVEN. Chaveiro em metal e PET 30% reciclado"
"78703","97122","Spot","instock","730","MOREY. Luminária com carregador por indução super-rápido (15W), em bambu"
"61055","97124-160","Spot","instock","1379","KALAM. Caixa de som portátil com microfone e autonomia de 2h (300 mAh), em bambu e PP"
"78819","97399","Spot","instock","391","ALENCAR. Mouse wireless dobrável 2'4G. em ABS"
"61415","99966","Spot","instock","16677","TRAVIS. Toalha para esporte em microfibra (210 g/m²)"
"61423","99970-103","Spot","instock","8644","BURPEE. Conjunto de 4 bandas elásticas de ginástica com bolsa de non-woven"
"52217","$@08113","XBZ","instock","1","Garrafa Térmica 320Ml"
"80163","00320","XBZ","instock","250","Caneta Plástica"
"80241","00401C","XBZ","instock","154764.000000","Caneta Plástica"
"80215","00708","XBZ","instock","1231128","Caneta Base Celular Limp. Tela e Ponta Touch"
"80155","00807","XBZ","instock","646263.000000","Caneta Plástica"
"80693","01006","XBZ","instock","66848.000000","Caneta Metal"
"80099","01090","XBZ","instock","133333","Caneta Bambu Det Prata"
"80359","01091L","XBZ","instock","28526","Caneta Plástica Leitosa"
"80353","01096C","XBZ","instock","4123","Caneta Plástica"
"80183","01097L","XBZ","instock","187660.000000","Caneta Plástica Leitoso"
"80181","01097T","XBZ","instock","276553","Caneta Plástica Translucida"
"80283","01099C","XBZ","instock","165774.000000","Caneta Plastica"
"80347","01227","XBZ","instock","1125","Mini Bolsa Transversal de Nylon 1L"
"80273","01228P","XBZ","instock","90006.000000","Necessaire Pvc Impermeável C/ Plaquinha"
"81072","01333","XBZ","instock","7180","Mochila Dobrável Poliéster 16L"
"80718","01361B","XBZ","instock","1142","Kit Manicure 7 Peças"
"52230","01397A","XBZ","instock","","Lanterna Metal"
"80679","01398","XBZ","instock","1060.000000","Lanterna Metal Recarregável"
"80695","01495","XBZ","instock","2482","Máquina de Cortar Cabelo Recarregável"
"40205","01500","XBZ","instock","18","Bloco de Anotações Ecologico C/ Caneta"
"40206","01500","XBZ","instock","18","Bloco de Anotações Ecologico C/ Caneta"
"80141","01595","XBZ","instock","17309","Chaveiro de Metal"
"80089","01644","XBZ","instock","3636","Kit Churrasco Na Maleta 4 Peças"
"80143","01655","XBZ","instock","41194.000000","Chaveiro de Metal Redondo"
"80780","01708","XBZ","instock","2667","Nécessaire Pvc e Palha"
"43741","01836","XBZ","instock","5818.000000","Mochila"
"43752","01856","XBZ","instock","8655.000000","Mochila"
"80443","01906","XBZ","instock","1017","Kit Churrasco 17 Peças"
"80139","01955","XBZ","instock","66667","Chaveiro Metal Retangular"
"80211","02003","XBZ","instock","2792","Cabo de Dados Usb V8"
"80221","02055","XBZ","instock","37166.000000","Caneta Metal"
"80257","02068","XBZ","instock","9272","Fone de Ouvido Bluetooth Fosco"
"80259","02079","XBZ","instock","512575","Sacochila em Poliéster"
"80311","02091","XBZ","instock","3419","Bolsa Térmica 7L"
"80317","02093","XBZ","instock","20634.000000","Bolsa de Viagem Dobrável 32L"
"80319","02096","XBZ","instock","647","Mochila de Poliéster Anti-Furto Usb com Segredo 31L"
"52205","02111E","XBZ","instock","7","Garrafa Térmica Inox 400Ml"
"80265","02112","XBZ","instock","73770.000000","Garrafa Térmica 400Ml"
"76436","02429","XBZ","instock","1","Garrafa Plástica 610Ml"
"80074","02759","XBZ","instock","1488.000000","Kit Churrasco 3 Peças"
"80109","02910","XBZ","instock","38488","Fita Métrica Plástica de 1 Metro"
"80351","03006","XBZ","instock","140380.000000","Copo Fibra de Bambu 350Ml"
"80161","03011B","XBZ","instock","363449.000000","Caneta Plástica"
"80355","03013","XBZ","instock","3944.000000","Caderneta em Kraft"
"80357","03015","XBZ","instock","1344","Pasta Convenção C/ Imã"
"80361","03019","XBZ","instock","1188","Caixinha de Som C/ Relógio"
"80363","03024","XBZ","instock","48672.000000","Mini Caderneta Sintética Brilhante"
"80365","03029","XBZ","instock","2667","Mochila Poliéster 27L"
"80625","03099","XBZ","instock","3418.000000","Caneca de Bambu 300Ml"
"52244","03222G","XBZ","instock","1940.000000","Kit Queijo 4 Peças"
"80691","03494","XBZ","instock","3359","Kit Vinho P/ 2 Garrafas"
"80087","03889","XBZ","instock","42577","Caneca 400Ml C/ Tampa"
"80413","04050","XBZ","instock","2496","Power Bank 8000Mah C/ Indução"
"80415","04051","XBZ","instock","1798","Power Bank 10.000Mah C/ Indução"
"80417","04052","XBZ","instock","3082","Power Bank 10.000Mah Multissaídas"
"80427","04055","XBZ","instock","12445","Massageador Facial Pilha Aaa N/ Inclusa"
"80431","04060","XBZ","instock","5737","Sacochila Poliéster"
"80433","04061","XBZ","instock","2075","Desk Pad Carregador de Indução"
"80435","04062","XBZ","instock","6","Carregador Veicular Indução"
"80287","04070","XBZ","instock","34313.000000","Caneca Térmica 700Ml"
"80076","04078","XBZ","instock","292.000000","Garrafa Térmica 1L C/ Capa"
"80535","04091","XBZ","instock","1548","Bolsa Dobrável e Expansível 40L"
"81024","04091B","XBZ","instock","15061","Bolsa Expansível e Dobrável 30 Litros"
"80553","04099","XBZ","instock","3155.000000","Mochila Nylon 35L"
"80129","04222","XBZ","instock","2505.000000","Kit Queijo 6 Peças"
"80465","04358","XBZ","instock","1759","Relógio de Madeira com Carregamento Por Indução"
"80900","04386","XBZ","instock","2658","Bolsa Térmica 7L"
"80601","04846","XBZ","instock","21299","Bolsa Térmica 7L"
"80563","05007","XBZ","instock","5900","Mochila Nylon 28L"
"80555","05020","XBZ","instock","146810.000000","Caneta Metal Touch"
"80581","05029","XBZ","instock","3181.000000","Garrafa Térmica 950Ml"
"80585","05031","XBZ","instock","390535","Caneta Plástica com Tampa"
"80589","05036","XBZ","instock","5663.000000","Power Bank 5.000Mah"
"80603","05048","XBZ","instock","8315.000000","Fone de Ouvido Bluetooth"
"80613","05060","XBZ","instock","10460","Caderno Wiire-o com Capa Dura"
"80615","05065","XBZ","instock","44444","Bloco de Anotações C/ Auto Adesivos"
"80617","05067","XBZ","instock","120485.000000","Caderneta Emborrachada"
"80621","05071","XBZ","instock","65196.000000","Caderno A5 Plástico"
"80623","05073","XBZ","instock","149969.000000","Caneta Plástica Touch"
"80627","05075","XBZ","instock","2692","Garrafa em Vidro Borossilicato 650Ml"
"80629","05078","XBZ","instock","6520","Garrafa 650Ml em Vidro Borossilicato C/ Infusor"
"80633","05087B","XBZ","instock","14141.000000","Garrafa Térmica Inox 1L"
"80637","05091","XBZ","instock","826812.000000","Caneta Plástica com Touch"
"40193","05266","XBZ","instock","4838","Termômetro Digital No Tubo Acrilico"
"80131","05691","XBZ","instock","10","Chaveiro Metal 3 em 1"
"80177","05828","XBZ","instock","592","Caneca 450Ml Inox C/ Tampa"
"80653","06010P","XBZ","instock","14991.000000","Chaveiro Pet's Pequeno"
"80655","06013","XBZ","instock","1004","Luminária Articulável Recarregável 10 Leds"
"80657","06020","XBZ","instock","6716","Kit Ferramentas 8 Peças"
"80659","06021","XBZ","instock","10158","Kit Ferramentas 4 Peças"
"80663","06023","XBZ","instock","3932.000000","Chaveiro Abridor em Madeira"
"82170","06028","XBZ","instock","18662","Agenda Couro Sintético 2026"
"80687","06046","XBZ","instock","6151","Kit Ferramenta 25 Peças"
"80714","06049G","XBZ","instock","10023.000000","Pasta para Tablet e Notebook 15,6"
"80713","06049M","XBZ","instock","4419.000000","Pasta para Tablet e Notebook 14"
"80711","06049P","XBZ","instock","2062","Pasta para Tablet e Notebook 12,4"
"80728","06071","XBZ","instock","184521","Caneta Metal"
"80786","06083","XBZ","instock","57789","Kit Ecológico Caneta e Lapiseira Cortiça"
"80269","06161T","XBZ","instock","342197.000000","Caneta Plástica Translucida"
"80888","06221","XBZ","instock","2589","Kit Queijo 2 Peças"
"80437","06222","XBZ","instock","3746.000000","Kit Queijo 4 Peças"
"80669","06389","XBZ","instock","3325","Fone de Ouvido Bluetooth com Case Carregador"
"80798","07047","XBZ","instock","92576.000000","Garrafa Alumínio 630Ml"
"80800","07048","XBZ","instock","9132","Kit Executivo Ecológico 3 Peças"
"80878","07048B","XBZ","instock","9132","Kit Executivo Ecológico 3 Peças"
"80802","07050","XBZ","instock","5538.000000","Kit para Anotações com Caneta"
"80822","07086","XBZ","instock","106","Bolsa Térmica 6L"
"76424","07092","XBZ","instock","41155.000000","Squeeze Plastico 500Ml Bic Silicone"
"40328","07391","XBZ","instock","4437","Carga Park Metal"
"80423","07443","XBZ","instock","13333","Kit Churrasco 2 Peças"
"80121","07444","XBZ","instock","2270","Kit Churrasco 4 Peças Inox C/ Estojo"
"80119","07446","XBZ","instock","1","Kit Churrasco 3 Peças"
"80117","07447","XBZ","instock","12195","Kit Churrasco No Estojo C/ 2 Pçs"
"82135","07645","XBZ","instock","26587","Agenda Diária 2027"
"80848","07807","XBZ","instock","1712","Porta-Relógios"
"80844","08040","XBZ","instock","2656","Nécessaire de Malha de Nylon"
"80862","08066","XBZ","instock","4625","Bolsa Térmica 7L"
"80864","08068","XBZ","instock","2466.000000","Nécessaire Plástico Holográfica"
"80866","08069","XBZ","instock","6395","Estojo Plástico Holográfico"
"80876","08084","XBZ","instock","1820","Mochila de Couro Sintético 36 Litros"
"80838","08095","XBZ","instock","6563.000000","Kit Ecológico 2 Peças"
"80882","08096","XBZ","instock","810","Kit Churrasco 7 Peças"
"80884","08103","XBZ","instock","643432.000000","Caneta Metal Touch"
"80892","08111","XBZ","instock","2005","Nécessaire de Feltro"
"80902","08128","XBZ","instock","5917","Kit Vinho com Jogo de Baralho"
"80916","08143","XBZ","instock","3704","Mochila de Couro Sintético 37L"
"80922","08154","XBZ","instock","4","Luminária Led de Mesa"
"41919","08161","XBZ","instock","50767.000000","Caneta Metal — Elegância para os dias repletos de anotações! Nossa Caneta"
"80930","08174","XBZ","instock","74227","Caneta Metal Coroa"
"80932","08175","XBZ","instock","102178","Caneta Metal Diamante"
"80998","08176","XBZ","instock","7","Pasta Executiva P/ Notebook"
"80936","08187","XBZ","instock","183834","Caneta Metal"
"80958","08217","XBZ","instock","13","Kit Churrasco 5 Peças"
"80960","08220","XBZ","instock","28","Kit Elásticos para Exercícios com 5 Peças"
"80469","08222","XBZ","instock","61","Kit P/ Queijo 3 Pçs"
"80962","08226","XBZ","instock","20272","Toalha Esportiva Refrescante de Elastano"
"80964","08227","XBZ","instock","1060","Bolsa Esportiva Oxford 42 Litros"
"80966","08229","XBZ","instock","16079.000000","Bolsa Esportiva Poliéster Expansível 36 Litros"
"80968","08232","XBZ","instock","26879.000000","Chaveiro Trena Plástico 2 Metros"
"80974","08246","XBZ","instock","667.000000","Kit Churrasco 7 Peças"
"80980","08251","XBZ","instock","7692","Kit Ecológico Caneta e Lapiseira Bambu"
"80982","08256","XBZ","instock","9","Kit de Treino para Golfe"
"81022","08258","XBZ","instock","117","Suporte Articulado Giratório de Metal para Notebooks"
"80924","08270","XBZ","instock","252674.000000","Caneta Metal"
"81010","08291","XBZ","instock","3287","Chaleira Vidro 1 Litro"
"81012","08292","XBZ","instock","2068","Chaleira Vidro Borossilicato 1,8 Litros"
"81014","08294","XBZ","instock","631","Xícara de Vidro 350Ml"
"81034","08329-80","XBZ","instock","3464","Kit Canetas Marcadoras Pontas Duplas com 80 Cores"
"81038","08332-100","XBZ","instock","594","Kit Canetinhas Ponta Dupla com 100 Cores"
"81078","08332B-100","XBZ","instock","637","Kit Canetinhas Ponta Dupla 100 Cores"
"81080","08332B-120","XBZ","instock","396","Kit Canetinhas Ponta Dupla 120 Cores"
"81112","08332B-144","XBZ","instock","840","Kit Canetinhas Ponta Dupla 144 Cores"
"81076","08332B-36","XBZ","instock","2014","Kit Canetinhas Ponta Dupla 36 Cores"
"80127","08542","XBZ","instock","3284","Kit Queijo C/ 5 Peças"
"80157","08578","XBZ","instock","263041.000000","Caneta Plástica"
"81044","09003","XBZ","instock","513","Carregador Turbo com 4 Portas"
"81046","09008","XBZ","instock","19304","Fone de Ouvido Bluetooth com Case Carregador"
"80441","09018","XBZ","instock","1462","Kit Churrasco 9 Peças"
"80263","09056","XBZ","instock","348","Porta Relogio P/ 4 Pçs Couro Sintetico"
"81092","09058","XBZ","instock","131430.000000","Caneta Metal"
"70669","09071","XBZ","instock","14714.000000","Garrafa Inox Parede Dupla 750Ml"
"43838","09121B","XBZ","instock","31130.000000","Lápis com Borracha ""Versão Sem Ponta"""
"43839","09121B","XBZ","instock","31130.000000","Lápis com Borracha ""Versão Sem Ponta"""
"81144","09238","XBZ","instock","466.000000","Churrasqueira Portátil"
"81148","09258","XBZ","instock","7800","Pochete Esportiva Neoprene"
"76442","09318G","XBZ","instock","1790.000000","Bolsa Eva"
"70632","09318M","XBZ","instock","2900.000000","Bolsa Eva"
"76443","09318P","XBZ","instock","4749.000000","Bolsa Eva"
"76444","09319","XBZ","instock","119922.000000","Caneta Ecológica"
"82232","09319A","XBZ","instock","114000","Caneta Ecológica"
"76445","09321","XBZ","instock","47500","Caneta Metal"
"43619","09337","XBZ","instock","7958.000000","Estojo para Óculos em Feltro"
"81174","09339","XBZ","instock","117000","Caneta Metal e Bambu C/ Led"
"76446","09340","XBZ","instock","171000","Caneta Plástica"
"43624","09341","XBZ","instock","10019.000000","Caderneta em Papel Kraft"
"82212","09348","XBZ","instock","10500","Caneta Plástica Multifuncional C/ Led e Apito"
"43628","09350","XBZ","instock","4975","Faixas Elásticas P/ Exercícios C/ 5"
"43629","09350","XBZ","instock","4975","Faixas Elásticas P/ Exercícios C/ 5"
"43630","09351","XBZ","instock","4950","Kit Faixas Elasticas P/ Exercicios C/3"
"43631","09351","XBZ","instock","4950","Kit Faixas Elasticas P/ Exercicios C/3"
"82213","09352","XBZ","instock","39744","Caderneta A5 com Pauta em Pu"
"43679","09362","XBZ","instock","2987","Elástico Extensor de Exercícios"
"76447","09363","XBZ","instock","9960","Caderneta em Pu com Pauta"
"76448","09366","XBZ","instock","2035.000000","Bolsa de Viagem Oxford 900D 25L"
"43702","09368","XBZ","instock","14768.000000","Bolsa de Feltro"
"43703","09368","XBZ","instock","14768.000000","Bolsa de Feltro"
"43704","09368","XBZ","instock","14768.000000","Bolsa de Feltro"
"76449","09370-1","XBZ","instock","1074","Ampulheta Vidro Areia Branca 1 Min"
"76452","09370-10","XBZ","instock","1075","Ampulheta Vidro Areia Verde 10 Min"
"76453","09370-15","XBZ","instock","1074","Ampulheta Vidro Areia Roxa 15 Min"
"76450","09370-3","XBZ","instock","1074","Ampulheta Vidro Areia Rosa 3 Min"
"76451","09370-5","XBZ","instock","1074","Ampulheta Vidro Areia Azul 5 Min"
"76454","09371","XBZ","instock","789","Ampulheta 3 em 1 de Vidro 1Min, 2Min e 3 Min"
"76455","09372","XBZ","instock","2017","Ampulheta de Vidro Decorativa"
"76456","09373","XBZ","instock","996.000000","Ampulheta de Vidro 15 Minutos"
"43719","09376","XBZ","instock","3857.000000","Nécessaire Organizadora de Feltro"
"43720","09380","XBZ","instock","2700","Jogo Americano de Feltro"
"43721","09380","XBZ","instock","2700","Jogo Americano de Feltro"
"43722","09381","XBZ","instock","9946.000000","Porta-Copos Redondo de Feltro"
"43723","09382","XBZ","instock","9446.000000","Porta-Copos Quadrado de Feltro"
"43736","09392G","XBZ","instock","2977.000000","Descanso de Panela em Feltro 20Cm"
"82217","09407","XBZ","instock","1000","Guarda-Chuva"
"70648","09447","XBZ","instock","79879","Caneta Plástica Antiestresse"
"70649","09448","XBZ","instock","2439.000000","Mochila"
"43831","09449","XBZ","instock","4428.000000","Power Bank 10.000Mah Multissaídas"
"52237","09483","XBZ","instock","8901","Mochila Saco"
"43751","09484","XBZ","instock","1458.000000","Mochila"
"43750","09485","XBZ","instock","6778.000000","Bolsa Transversal"
"43776","09491","XBZ","instock","8299.000000","Mochila Couro Sintético"
"43775","09510","XBZ","instock","8792.000000","Mochila Pvc 300D"
"43759","09511","XBZ","instock","4981.000000","Mochila"
"43716","09512","XBZ","instock","4085.000000","Mochila Couro Sintético"
"43717","09512","XBZ","instock","4085.000000","Mochila Couro Sintético"
"81056","09603","XBZ","instock","2222","Bolsa Couro Sintético 35L"
"80133","10032","XBZ","instock","20808.000000","Chaveiro Metal"
"80091","10038","XBZ","instock","12449","Squeeze Icebar Plástico 600Ml"
"80113","10108","XBZ","instock","935","Pasta de Convenção C/ Bloco e Calculadora"
"80253","10200","XBZ","instock","27856.000000","Chaveiro Plaquinha Formato Casa"
"80135","10210","XBZ","instock","10017.000000","Chaveiro Canivete 4 Funções"
"80251","10338","XBZ","instock","4078.000000","Cabo Usb Retrátil 3 em 1"
"80105","10693","XBZ","instock","16804","Canivete 11 Funções C/ Capa"
"80070","10695","XBZ","instock","10070.000000","Saca Rolhas Metálico"
"80677","1089B","XBZ","instock","3619","Caneta Plastica"
"80223","10998","XBZ","instock","2879.000000","Kit Executivo 3 Peças"
"80631","1099T","XBZ","instock","147952.000000","Caneta Plástica"
"80748","11195","XBZ","instock","10704.000000","Caderneta com Autoadesivos e Caneta"
"80107","11395","XBZ","instock","8225","Mini Chaveiro Metal com Canivete 3F"
"80111","11801","XBZ","instock","2320","Marca Pagina Metal"
"80085","11870","XBZ","instock","8032","Kit Vinho 5Pçs Formato Garrafa"
"80078","11871","XBZ","instock","7772.000000","Kit Vinho Plástico Resistente 3 Peças Formato Garrafa"
"80235","11911S","XBZ","instock","31304.000000","Bloco de Anotações C/ Auto-Adesivo"
"80219","12000","XBZ","instock","48780","Bloco de Anotação"
"80081","12046","XBZ","instock","4108.000000","Kit Vinho Xadrez 4 Pçs"
"80125","12089","XBZ","instock","1204","Kit Talheres P/ Churrasco C/ 8 Peças"
"80213","120B1","XBZ","instock","61040","Caneta Metal"
"80165","12187","XBZ","instock","804338.000000","Caneta Plástica"
"80145","12195","XBZ","instock","32900.000000","Chaveiro Metal Retangular C/ Nylon Preto"
"80225","12222","XBZ","instock","5714","Kit Queijo C/ 5 Peças Bolsa C/ Ziper"
"82144","12289","XBZ","instock","290","Agenda Diária 2027"
"82138","12293","XBZ","instock","28","Agenda Diária 2027"
"82142","12294","XBZ","instock","174","Agenda Diária 2027"
"82137","12362","XBZ","instock","32","Agenda Diária 2027"
"80083","12384","XBZ","instock","2404","Kit Vinho Plástico Resistente 4 Peças  Formato Garrafa"
"80137","12387","XBZ","instock","7649","Chaveiro Formato Tijolinho"
"80095","12398","XBZ","instock","44475.000000","Mini Bloco de Anot. C/ Autoadesivo"
"80153","12421","XBZ","instock","10625","Marca Texto Splash C/ 5 Cores"
"82140","12475","XBZ","instock","385","Agenda Diária 2027"
"80093","12487B","XBZ","instock","71840.000000","Squeeze Alumínio 650Ml"
"80169","12505","XBZ","instock","349543","Caneta Plástica"
"80097","12516","XBZ","instock","3315.000000","Bloco de Anotações Cubo"
"80147","12638","XBZ","instock","1548137.000000","Caneta Plástica Touch"
"80115","12659","XBZ","instock","349","Risque Rabisque Couro"
"80189","12777","XBZ","instock","3357","Copo Porta Foto C/ Tampa 350Ml"
"80187","12789","XBZ","instock","40080","Fone de Ouvido C/ Microfone -Bco/Bco"
"80439","12957","XBZ","instock","5191","Kit Pizza 3 Peças"
"80191","12965","XBZ","instock","2218","Chaveiro Metal Det. Couro"
"82146","13109","XBZ","instock","58","Agenda Diária 2027"
"80207","13282","XBZ","instock","74638.000000","Caneca Cerâmica 330Ml"
"82148","13287","XBZ","instock","351","Agenda Diária 2027"
"80313","1330P","XBZ","instock","4870","Bolsa Térmica 9L"
"80209","13380","XBZ","instock","25093.000000","Copo Ps 550Ml"
"80217","13472","XBZ","instock","9","Pasta Envelope Bidins Tamanho G"
"82237","13491A","XBZ","instock","178","Agenda Couro Sintetico"
"80229","13546B","XBZ","instock","476744.000000","Caneta C/ 1 Anel e Ponta Touch"
"82150","13639","XBZ","instock","31","Agenda Wire-o Cor Metalizada"
"80247","13764B","XBZ","instock","20688.000000","Squeeze Plástico 700Ml com Infusor"
"81026","13781I","XBZ","instock","79646.000000","Sacola Tnt"
"80249","13798","XBZ","instock","1","Bolsa Térmica Abertura Frontal"
"76430","13888SC","XBZ","instock","122","Pop Socket"
"82152","13918","XBZ","instock","42","Agenda Diária 2027 com Suporte para Caneta"
"82154","13919","XBZ","instock","349","Agenda Diária 2027"
"80267","13929","XBZ","instock","12015","Squeeze 650Ml C/ Acionador"
"82156","14026","XBZ","instock","269","Agenda Diária 2027"
"82158","14027","XBZ","instock","99","Agenda Diária 2027"
"52253","14209A","XBZ","instock","2994","Caderno Capa Emborrachada"
"80323","14222P","XBZ","instock","289855","Protetor P/ Camera (Webcam Cover)"
"80333","14310","XBZ","instock","2632","Bolsa Térmica 4L"
"80341","14382","XBZ","instock","5282","Kit Saquinho Coletor"
"80343","14390","XBZ","instock","23452.000000","Sacola Tnt S/ Alça"
"82160","14461","XBZ","instock","358","Agenda Couro Sintético"
"82162","14462","XBZ","instock","232","Agenda Diária 2027"
"80385","14499","XBZ","instock","14454","Copo Fibra de Arroz C/ Tampa 550Ml"
"80389","14510","XBZ","instock","751","Bolsa Térmica"
"80409","14565N","XBZ","instock","","Kit Churrasco C/ 3Pç Cx Kraft"
"82164","14614","XBZ","instock","9","Kit Banho Ecológico C/ 6 Pçs"
"82166","14626","XBZ","instock","25","Agenda Diária 2027"
"80451","14653","XBZ","instock","161","Estojo P/ Vinho"
"80503","14724","XBZ","instock","22873","Copo Térmico 500Ml P/ Café"
"80509","14756","XBZ","instock","15","Planner Percalux Anual"
"80511","14757","XBZ","instock","13","Planner Percalux Anual"
"80521","14764N","XBZ","instock","75","Sacola Sublimática Poliéster Pet"
"80525","14778","XBZ","instock","771","Mochila Poliéster com Bloqueador Rfid"
"80537","14799","XBZ","instock","67","Kit Jardinagem 3 Pçs"
"80539","14801","XBZ","instock","1600","Bolsa de Mão P/ Viagem"
"80545","14805","XBZ","instock","177025","Sacochila Tnt"
"80571","14828","XBZ","instock","1","Sacola de Poliéster"
"80587","14843","XBZ","instock","113","Canivete Metálico"
"80591","14851","XBZ","instock","1062","Sacochila Algodão"
"82168","14888","XBZ","instock","22","Agenda Diária 2027"
"80647","14895","XBZ","instock","93.000000","Pasta Convenção com Porta Celular"
"82172","14926","XBZ","instock","553","Agenda Diária Cromato"
"82174","14927","XBZ","instock","887","Agenda Diária Emborrachada"
"82176","14928","XBZ","instock","322","Agenda 2027 Cromato"
"82178","14929","XBZ","instock","600","Agenda 2027 Emborrachada"
"82180","14930","XBZ","instock","978","Agenda Diária Cromato"
"82182","14931","XBZ","instock","808","Agenda Diária Wire-o Emborrachada"
"82184","14932","XBZ","instock","798","Agenda 2027 Cromato"
"82186","14933","XBZ","instock","890","Agenda 2027 Emborrachada"
"41513","15049F","XBZ","instock","9","Caneta Metal com Coroa"
"80772","15066","XBZ","instock","798.000000","Necessaire Algodão"
"80774","15068","XBZ","instock","2406","Nécessaire de Nylon"
"82188","15102","XBZ","instock","33","Agenda Diária 2027"
"82190","15111","XBZ","instock","300","Agenda Diária 2027"
"82192","15112","XBZ","instock","117","Agenda Diária 2027"
"82194","15113","XBZ","instock","73","Agenda Diária"
"82198","15117G","XBZ","instock","56","Agenda Diária"
"82196","15117P","XBZ","instock","148","Agenda Diária Kraft"
"82200","15138","XBZ","instock","41","Agenda Diária"
"82202","15139","XBZ","instock","861","Agenda Diária 2027"
"80942","15182","XBZ","instock","88235","Caneta Pérola"
"81040","15237","XBZ","instock","4440","Garrafa Térmica 500Ml"
"52226","15284","XBZ","instock","21.000000","Bolsa Térmica Pu 4 Litros"
"82210","15311","XBZ","instock","601","Agenda Diária 2027"
"43546","15442","XBZ","instock","10","Bandeja Tramada"
"82214","15481","XBZ","instock","2132","Agenda Diária 2027"
"82215","15482","XBZ","instock","1441","Agenda Diária 2027"
"82218","15514","XBZ","instock","1186","Agenda Diária 2027"
"82220","15517","XBZ","instock","119","Kit Executivo 2 Peças"
"82222","15539","XBZ","instock","81","Agenda Diária 2027"
"82224","15540","XBZ","instock","135","Agenda Diária 2027"
"82226","15541","XBZ","instock","65","Agenda Diária 2027"
"82230","15542","XBZ","instock","79","Agenda Diária 2027"
"82228","15543","XBZ","instock","89","Agenda Diária 2027"
"43855","15546","XBZ","instock","8781.000000","Caderno Emborrachado"
"43856","15546","XBZ","instock","8781.000000","Caderno Emborrachado"
"82233","15548","XBZ","instock","984","Agenda Emborrachada 2027"
"82235","15549","XBZ","instock","1506","Agenda 2027 Emborrachada"
"52250","15550G","XBZ","instock","293.000000","Sacola Plástica (Ref. 15550G)"
"52249","15550M","XBZ","instock","358.000000","Sacola Plástica (Ref. 15550M)"
"52246","15550P","XBZ","instock","588.000000","Sacola Plástica (Ref. 15550P)"
"43879","15554","XBZ","instock","11763.000000","Sacola Metalizada 65X40X12"
"43854","15555","XBZ","instock","9019","Saco em Tnt C/ Cordão 27*38"
"43867","15556","XBZ","instock","5343","Mini Ralador em Aço Inox"
"43868","15556","XBZ","instock","5343","Mini Ralador em Aço Inox"
"43871","15557","XBZ","instock","116","Caderno de Disco A4 C/ 20 Envelopes"
"43872","15558","XBZ","instock","4998","Estopjo Zip de Pvc"
"43873","15558","XBZ","instock","4998","Estopjo Zip de Pvc"
"76471","15560","XBZ","instock","939.000000","Frasco Vidro 10Ml"
"76475","15562","XBZ","instock","944.000000","Frasco Vidro 10Ml"
"76477","15563","XBZ","instock","237","Frasco Vidro 20Ml"
"76479","15564","XBZ","instock","235.000000","Frasco Vidro 30Ml"
"76481","15565","XBZ","instock","111","Frasco Vidro 50Ml"
"76483","15566","XBZ","instock","141","Frasco Vidro 30Ml"
"76493","15571","XBZ","instock","1487.000000","Frasco Vidro 10Ml"
"76495","15572","XBZ","instock","117","Frasco Vidro 30Ml"
"76497","15573","XBZ","instock","118","Frasco Vidro 30Ml"
"76499","15574","XBZ","instock","188","Frasco Vidro 60Ml"
"43874","15577","XBZ","instock","7544.000000","Caderneta em Pp com Pauta"
"43875","15577","XBZ","instock","7544.000000","Caderneta em Pp com Pauta"
"43877","15579","XBZ","instock","57","Organizador Portátil"
"70672","15599","XBZ","instock","1000","Sacola de Praia Pvc"
"70679","15604","XBZ","instock","95.000000","Sacola em Pvc Cristal"
"70680","15605","XBZ","instock","1788.000000","Caderno Wire-o Sem Pauta"
"81207","15619","XBZ","instock","1","Nécessaire Algodão C/ Detalhe em Cortiça"
"80261","17003","XBZ","instock","412","Mochila de Poliéster 26L"
"80996","18042","XBZ","instock","5385.000000","Kit Viagem 3 Peças"
"80305","181PAR","XBZ","instock","2501.000000","Conjunto Caneta e Lapiseira"
"80307","182PAR","XBZ","instock","2982.000000","Conjunto Caneta e Lapiseira"
"80275","18501","XBZ","instock","72725.000000","Nécessaire de Nylon"
"80279","18503","XBZ","instock","20000","Bolsa Térmica 6L"
"80281","18505","XBZ","instock","13727","Sacochila Tnt"
"80303","18516","XBZ","instock","286744.000000","Necessaire em Poliester Impermeável"
"80325","18533","XBZ","instock","24337","Necessaire Nylon Impermeável"
"80327","18534","XBZ","instock","60670.000000","Necessaire Pvc Impermeável"
"80329","18538","XBZ","instock","21825.000000","Kit Necessaire 6 Pçs"
"80337","18546","XBZ","instock","6851","Pochete Esportiva"
"80339","18548","XBZ","instock","28182","Caneta Metal"
"80846","18552F","XBZ","instock","12658","Garrafa Inox 800Ml"
"80549","18555","XBZ","instock","1939","Saca-Rolhas Elétrico com Led"
"80345","18558","XBZ","instock","14362.000000","Squeeze 600Ml Inox C/ Alça"
"80403","18580","XBZ","instock","1610","Tábua de Corte com Canaleta"
"80401","18582","XBZ","instock","131","Tábua de Corte S/ Canaleta  28X22"
"52257","18586B","XBZ","instock","4420.000000","Tábua de Corte C/  Canaleta  40X14"
"80397","18587","XBZ","instock","5.000000","Tábua de Corte"
"80395","18593","XBZ","instock","14005","Bolsa Poliéster 18L"
"80429","18601","XBZ","instock","71207","Sacochila Poliéster"
"80455","18608","XBZ","instock","1048.000000","Tábua P/ Corte C/ Canaleta 30*40Cm"
"80459","18619","XBZ","instock","780","Petisqueira Redonda de Bambu 32*32Cm"
"80453","18620","XBZ","instock","1192","Kit Queijo 4 Pçs C/ Cepo Magnetico"
"80471","18627","XBZ","instock","1377.000000","Kit Queijo 2 Pçs + Tábua Quadrada"
"80473","18628","XBZ","instock","1721","Kit Queijo 2 Pçs + Tábua Redonda"
"80475","18629","XBZ","instock","3023","Kit Queijo 2 Peças + Tábua Redonda"
"80477","18638","XBZ","instock","22019.000000","Squeeze Aluminio 750Ml C/ Bico"
"80491","18639","XBZ","instock","28936.000000","Garrafa Térmica 450 Ml"
"80481","18642","XBZ","instock","3497.000000","Garrafa Bambu 500 Ml"
"80483","18643","XBZ","instock","567","Caneca Bambu 450Ml"
"80485","18644","XBZ","instock","3745","Copo Bambu 500Ml"
"80487","18645L","XBZ","instock","92402.000000","Copo Térmico 500Ml *Liso C/ Abridor"
"80497","18647G","XBZ","instock","2158.000000","Necessaire em Pvc e Pu Tam.g"
"80499","18647M","XBZ","instock","6841.000000","Necessaire em Pvc e Pu Tam.m"
"80501","18647P","XBZ","instock","403","Necessaire em Pvc e Pu Tam.p"
"80291","18650","XBZ","instock","14019","Necessaire em Pu"
"80293","18651","XBZ","instock","4018.000000","Necessaire Holografica"
"80289","18655","XBZ","instock","2719.000000","Copo Térmico C/ Canudo 500Ml"
"80517","18664G","XBZ","instock","6","Tábua Redonda Grande"
"80515","18664M","XBZ","instock","1557","Tábua Redonda Média"
"80513","18664P","XBZ","instock","4904","Tábua Redonda Pequena"
"80519","18670","XBZ","instock","1812","Tábua Redonda"
"80531","18683","XBZ","instock","13333","Kit para Anotações com Caneta"
"80529","18686","XBZ","instock","34329.000000","Nécessaire Organizadora de Poliéster"
"80619","18715","XBZ","instock","10114","Garrafa Térmica Inox 400Ml"
"80645","18719","XBZ","instock","11434","Sacochila Nylon Impermeável"
"80689","18724B","XBZ","instock","3149","Kit Manicure 16 Peças"
"80673","18725","XBZ","instock","28221.000000","Garrafa Inox 800Ml"
"80675","18726I","XBZ","instock","49536.000000","Garrafa Inox 800Ml"
"80697","18732B","XBZ","instock","2990","Garrafa Inox 1,1 Litros"
"80671","18733","XBZ","instock","2487","Chaveiro Kit Manicure 4 Pçs"
"80705","18737","XBZ","instock","6918.000000","Squeeze Plástico 730Ml"
"76434","18747","XBZ","instock","4404.000000","Caderneta Cortiça"
"80736","18749","XBZ","instock","11299.000000","Copo Térmico 400Ml C/ Caixa de Som"
"80738","18757","XBZ","instock","8775","Squeeze Alumínio 800Ml"
"80750","18762","XBZ","instock","3892.000000","Cabo Usb Retrátil 3 em 1"
"80814","18774","XBZ","instock","29.000000","Nécessaire Plástica"
"80816","18775","XBZ","instock","","Nécessaire Plástica"
"80820","18781","XBZ","instock","12764.000000","Garrafa de Alumínio 600Ml"
"52255","18810B","XBZ","instock","15958.000000","Nécessaire Pvc"
"80852","18829","XBZ","instock","45","Garrafa Inox 750Ml"
"80926","18883","XBZ","instock","4682","Pochete Esportiva Neoprene"
"80910","18884","XBZ","instock","3211","Pochete Esportiva Oxford"
"80912","18886","XBZ","instock","9527","Pochete Esportiva Lycra"
"80972","18894","XBZ","instock","2999","Kit Churrasco 4 Peças"
"76438","18909","XBZ","instock","8797.000000","Chaveiro Metal Bambu"
"80599","18910","XBZ","instock","5747","Garrafa Térmica 1L C/ 2 Canecas"
"80992","18923","XBZ","instock","1533.000000","Luminária Led de Mesa"
"80994","18924","XBZ","instock","4317","Luminária Led de Mesa"
"80988","18927","XBZ","instock","7421","Caderno Bambu"
"81002","18931","XBZ","instock","2816","Quadro de Mensagens Led com Porta-Caneta"
"81048","18932","XBZ","instock","2569.000000","Caderno Ecológico com Autoadesivos e Caneta"
"80990","18933","XBZ","instock","11803.000000","Garrafa Térmica 650Ml"
"81004","18935","XBZ","instock","5340.000000","Caderneta em Pu"
"81016","18939","XBZ","instock","19095.000000","Garrafa Inox 750Ml"
"81094","18960","XBZ","instock","10597.000000","Bolsa Térmica Poliéster 10L"
"81114","18975","XBZ","instock","6913.000000","Garrafa Térmica 600Ml"
"81066","18982","XBZ","instock","3900","Espelho de Mesa Plástico"
"81098","18994","XBZ","instock","11729","Estojo de Papelão"
"81100","18997","XBZ","instock","8312","Estojo de Papelão"
"81096","19001","XBZ","instock","64767","Caixa para Presente"
"43108","19091","XBZ","instock","2062","Espelho Retangular de Plástico"
"52242","19114","XBZ","instock","3925","Copo Térmico com Tampa e Canudo 700Ml"
"43611","19190G","XBZ","instock","2544","Espelho Adesivo Acrílico Oval"
"76460","19208","XBZ","instock","14400","Nécessaire Oxford"
"76459","19219","XBZ","instock","14300","Sacola de Lona"
"70665","19221","XBZ","instock","6215","Nécessaire Pu (Cód. 70665)"
"70656","19222","XBZ","instock","12929.000000","Nécessaire em Pu (Ref. 19222)"
"70638","19223","XBZ","instock","15066.000000","Nécessaire Retangular de Pu (Cód. 70638)"
"70664","19223B","XBZ","instock","2128","Nécessaire Retangular de Pu (Cód. 70664)"
"52238","19224","XBZ","instock","17256.000000","Nécessaire em Pu (Ref. 19224)"
"76458","19226","XBZ","instock","19990.000000","Sacola de Lona"
"76457","19227","XBZ","instock","9975.000000","Sacola de Lona"
"43812","19236","XBZ","instock","4660.000000","Kit Executivo com 3 Peças"
"43813","19236","XBZ","instock","4660.000000","Kit Executivo com 3 Peças"
"43814","19237","XBZ","instock","4634.000000","Kit Executivo com 3 Peças"
"43815","19237","XBZ","instock","4634.000000","Kit Executivo com 3 Peças"
"70654","19238","XBZ","instock","5026.000000","Kit Executivo 4 Peças (Ref. 19238)"
"70655","19239","XBZ","instock","14045","Kit Executivo 3 Peças (Cód. 70655)"
"70663","19240","XBZ","instock","10045","Kit Executivo 3 Peças (Cód. 70663)"
"76468","19244","XBZ","instock","25904","Estojo de Couro P/ Óculos"
"70653","19245","XBZ","instock","39944.000000","Saquinho Óculos em Pu"
"70652","19246","XBZ","instock","9997.000000","Saquinho para Óculos em Poliéster"
"70651","19247","XBZ","instock","8962.000000","Estojo Case Pra Óculos"
"52239","19251","XBZ","instock","16933.000000","Kit Viagem 2 Peças — Tecido de elastano (poliéster) ultramacio, espuma com"
"52241","19255","XBZ","instock","18088.000000","Garrafa Plástica C/ Bico 800Ml"
"70660","19257","XBZ","instock","3010.000000","Kit de Limpeza P/ Sapatos 5 Peças"
"70659","19258","XBZ","instock","1988.000000","Kit de Limpeza P/ Sapatos 7 Peças (Ref. 19258)"
"70658","19259","XBZ","instock","1990.000000","Kit de Limpeza P/ Sapatos 7 Peças (Ref. 19259)"
"76467","19260","XBZ","instock","5987","Kit Cuidados P/ Sapatos 5 Peças"
"70645","19262","XBZ","instock","2980.000000","Kit Cuidado P/ Sapatos 5 Peças (Ref. 19262)"
"70646","19263","XBZ","instock","2986","Kit Cuidado P/ Sapatos 5 Peças (Ref. 19263)"
"52240","19267","XBZ","instock","5977","Bolsa Térmica (Cód. 52240)"
"43810","19268","XBZ","instock","5955.000000","Garrafa Térmica com Alça 1,5L"
"43811","19268","XBZ","instock","5955.000000","Garrafa Térmica com Alça 1,5L"
"43886","19269","XBZ","instock","7866","Chaleira Térmica com Infusor 1L"
"43887","19269","XBZ","instock","7866","Chaleira Térmica com Infusor 1L"
"43888","19270","XBZ","instock","2014","Chaleira Térmica com Infusor 1,5L"
"43889","19270","XBZ","instock","2014","Chaleira Térmica com Infusor 1,5L"
"70650","19272","XBZ","instock","4064","Kit Cuidados para Bebê C/ 8 Peças"
"70662","19273","XBZ","instock","14791.000000","Caderneta Pu com Pauta (Cód. 70662)"
"70657","19275","XBZ","instock","11938.000000","Sacola Dobrável em Poliéster"
"43794","19276","XBZ","instock","4880","Termômetro Digital com Ponta Flexível"
"70661","19278","XBZ","instock","17692.000000","Caderneta Pu com Pauta (Ref. 19278)"
"76464","19287","XBZ","instock","17744","Sacola de Lona"
"76466","19288","XBZ","instock","31164","Suporte Plástico P/ Celular"
"76465","19289","XBZ","instock","24970","Suporte Plástico P/ Celular"
"70647","19295","XBZ","instock","4646.000000","Bolsa Térmica em Tnt"
"81196","19296","XBZ","instock","4100","Copo Inox Parede Dupla 470Ml"
"81197","19296A","XBZ","instock","950","Copo Inox Parede Dupla 470Ml"
"81195","19297","XBZ","instock","950","Copo Térmico 470Ml"
"80449","20061","XBZ","instock","2041","Mochila Couro Sintético Usb 20L"
"80205","4267F","XBZ","instock","24418.000000","Chaveiro Metal Abridor"
"80649","9139A","XBZ","instock","81553.000000","Squeeze Alumínio 500Ml"
"80367","A1802F","XBZ","instock","72597.000000","Caneta Metal"
"40324","CGB511","XBZ","instock","2352942","Carga  de Caneta   511 Tinta Azul"
"40325","CGB511","XBZ","instock","2352942","Carga  de Caneta   511 Tinta Azul"
"40326","CGB511","XBZ","instock","2352942","Carga  de Caneta   511 Tinta Azul"
"40327","CGB511","XBZ","instock","2352942","Carga  de Caneta   511 Tinta Azul"
"80185","ER201B","XBZ","instock","31261","Caneta Metal C/ Det Quadriculado"
"80179","FY001","XBZ","instock","595574","Porta Cracha Branco Leitoso"
"81106","KIT15040","XBZ","instock","20156","Kit Estojo com Caneta Plástico"
"81116","MIC01","XBZ","instock","935","Microfone Dinâmico"
"81118","MIC02","XBZ","instock","2933","Microfone Dinâmico"
"40336","N-117","XBZ","instock","14222.000000","Carga  de Caneta  Roller"
"40337","N-117","XBZ","instock","14222.000000","Carga  de Caneta  Roller"
"70635","P$BRINQ223","XBZ","instock","1","Caminhäo Dinossauro Articulado ""Engole Carrinhos"""
"43730","P$BRINQ226","XBZ","instock","7.000000","Caminhäo Dinossauro Rampa ""Engole Carrinhos"""
"43754","P$BRINQ228","XBZ","instock","10","Caminhäo Dinossauro ""Engole Carrinhos"""
"43832","P$BRINQ229","XBZ","instock","10","Livro Inteligente"
"43833","P$BRINQ230","XBZ","instock","30","Cachorro de Pelucia"
"43834","P$BRINQ231","XBZ","instock","33","Tablet Interativo"
"43835","P$BRINQ231","XBZ","instock","33","Tablet Interativo"
"43857","P$BRINQ232","XBZ","instock","85","Kit Sereia"
"43858","P$BRINQ232","XBZ","instock","85","Kit Sereia"
"43859","P$BRINQ236","XBZ","instock","8.000000","Jogo Tabuleiro Stop"
"43860","P$BRINQ236","XBZ","instock","8.000000","Jogo Tabuleiro Stop"
"43861","P$BRINQ237","XBZ","instock","32","Lousa Mágica Vaquinha"
"43862","P$BRINQ237","XBZ","instock","32","Lousa Mágica Vaquinha"
"43863","P$BRINQ238","XBZ","instock","85","Lousa Elefante/Casinha"
"43864","P$BRINQ238","XBZ","instock","85","Lousa Elefante/Casinha"
"43865","P$BRINQ239","XBZ","instock","77","Lousa Animais/Sereia"
"43866","P$BRINQ239","XBZ","instock","77","Lousa Animais/Sereia"
"70677","P$BRINQ241","XBZ","instock","162.000000","Squishy Colecionável C/Glitter"
"70678","P$BRINQ242","XBZ","instock","33.000000","Squishy Colecionável"
"81198","P$BRINQ243","XBZ","instock","427","Squishy Queijo"
"81199","P$BRINQ244","XBZ","instock","294","Squishy Manteiga"
"81201","P$BRINQ245","XBZ","instock","133","Squishy Cupcake"
"81202","P$BRINQ246","XBZ","instock","105","Squishy Melancia"
"81203","P$BRINQ247","XBZ","instock","8.000000","Squishy Halloween Colecionável"
"81204","P$BRINQ248","XBZ","instock","135","Squishy Ovelha"
"81205","P$BRINQ249","XBZ","instock","55","Squishy Cubo"
"81206","P$BRINQ250","XBZ","instock","94","Squishy Colecionável Pequeno"
"81200","P$BRINQ251","XBZ","instock","217","Quishy Colecionável Arco-Íris"
